MONTH,COMMUNITYDISTRICT,REFUSETONSCOLLECTED,PAPERTONSCOLLECTED,MGPTONSCOLLECTED
1990 / 10,02,4379.5,,
1990 / 12,02,3702.7,,
1990 / 12,01,3883.6,,
1991 / 01,02,3567.4,,
1991 / 03,03,4449.7,,
1991 / 05,03,6520.0,,
1991 / 09,01,4685.2,,
1991 / 09,03,5123.1,,
1991 / 10,03,5439.5,,
1991 / 11,02,3889.2,,
1992 / 04,02,4443.7,,
1992 / 06,01,5964.8,,
1992 / 08,02,4593.7,,
1992 / 08,03,5652.1,,
1993 / 01,01,4365.3,,
1993 / 01,02,3815.3,,
1993 / 03,02,3947.2,,
1993 / 06,03,6721.9,,
1994 / 01,03,4691.0,636.7,378.2
1994 / 03,03,5151.2,1036.0,436.2
1994 / 05,02,5323.3,639.2,310.6
1994 / 05,01,5802.5,658.8,321.8
1994 / 10,01,5151.1,631.1,286.5
1994 / 10,02,4562.4,616.2,275.5
1995 / 01,01,4623.2,565.0,317.2
1995 / 07,02,4777.8,555.1,316.7
1995 / 07,01,5575.8,616.0,365.1
1995 / 08,03,5588.4,674.2,402.8
1995 / 12,01,4225.4,778.0,386.9
1996 / 02,03,3928.8,1007.9,503.2
1996 / 07,01,5835.8,677.4,419.1
1996 / 07,03,6171.9,865.4,495.7
1996 / 08,03,5994.1,857.7,474.2
1996 / 09,01,5301.4,657.4,397.3
1996 / 12,02,4020.3,792.0,364.4
1997 / 04,01,5498.5,23.7,439.5
1997 / 05,02,5185.1,,444.4
1997 / 06,01,5753.8,,452.5
1997 / 07,03,5897.8,,558.5
1997 / 12,02,4163.0,,393.7
1997 / 12,03,5458.3,,512.2
1998 / 06,01,5902.3,,626.7
1998 / 07,01,5588.4,,633.5
1998 / 09,01,5629.1,,576.2
1998 / 10,01,5262.6,,585.6
1999 / 02,03,4277.5,,492.3
1999 / 07,03,5779.8,9.7,789.0
1999 / 09,02,4922.6,,528.5
2000 / 04,03,5564.0,,699.6
2000 / 04,02,4352.3,,486.5
2000 / 05,02,5630.2,,570.4
2000 / 06,01,6192.8,,692.2
2000 / 07,02,4811.2,,552.8
2000 / 09,03,5645.7,,737.4
2000 / 12,02,3682.5,,433.4
2001 / 01,02,3886.2,,536.6
2001 / 08,02,4682.7,,577.7
2001 / 08,01,5545.3,,710.5
2001 / 11,01,5053.0,,636.6
2001 / 12,02,4491.6,,503.5
2002 / 05,02,5608.8,,562.8
2002 / 10,02,5396.9,,
2003 / 03,02,5093.0,,
2003 / 03,03,6542.9,,
2003 / 09,02,5847.1,,
2003 / 12,03,6935.3,,
2004 / 03,01,6306.4,,
2004 / 04,02,5465.6,547.5,462.2
2004 / 11,01,6005.7,953.9,513.7
2005 / 02,02,3541.3,795.6,404.2
2005 / 07,01,6745.5,875.2,621.4
2005 / 10,03,6801.2,1358.2,661.4
2006 / 01,03,5938.7,1311.2,638.4
2006 / 02,03,4605.1,999.9,530.0
2006 / 03,01,5474.8,879.8,585.7
2006 / 03,03,5907.1,1191.2,667.0
2006 / 05,03,8199.9,1265.9,701.4
2006 / 06,01,7023.4,1001.5,672.9
2006 / 07,03,7049.6,1194.5,717.0
2006 / 11,03,6373.5,1424.8,649.3
2007 / 02,03,4250.6,975.9,543.7
2007 / 02,01,4016.2,714.4,481.3
2007 / 04,02,4670.6,801.0,454.7
2007 / 05,02,5757.7,862.7,523.0
2007 / 08,01,6104.9,869.1,655.2
2008 / 01,02,4110.6,845.1,493.7
2008 / 06,03,6519.0,1090.2,654.9
2008 / 07,02,4862.8,772.0,503.7
2008 / 09,03,6076.1,1089.2,609.7
2008 / 10,02,4467.6,776.1,438.4
2009 / 04,02,4496.0,676.6,446.0
2009 / 09,01,5519.9,694.3,547.9
2009 / 10,01,5477.6,755.1,550.1
2009 / 11,03,6250.8,889.5,535.1
2010 / 07,03,5926.9,883.3,699.8
2010 / 08,01,5479.7,630.6,517.4
2010 / 12,01,3968.5,656.4,448.9
2011 / 06,02,5114.7,663.6,516.0
2011 / 08,02,5160.1,646.9,458.9
2011 / 10,02,4461.1,620.0,422.1
2011 / 12,03,5701.7,1185.0,642.7
2012 / 01,03,5004.3,862.1,615.6
2012 / 05,02,4975.0,625.0,451.0
2012 / 08,01,5515.6,619.4,554.8
2012 / 10,01,5068.2,573.9,460.3
2013 / 01,03,5241.2,987.3,629.8
2013 / 03,03,4888.2,777.7,529.7
2013 / 04,01,5585.4,610.7,518.3
2013 / 05,03,6889.9,825.3,676.6
2014 / 03,03,4964.7,740.0,539.5
2014 / 05,02,5047.8,610.8,509.3
2014 / 08,03,5525.2,739.3,638.3
2014 / 10,03,5717.0,862.6,610.3
2014 / 12,02,4441.6,738.1,499.4
2015 / 04,01,5332.6,603.5,559.0
2015 / 05,03,6531.7,761.4,659.8
2015 / 06,02,4821.1,640.3,510.9
2015 / 09,02,4246.8,575.0,481.2
2015 / 12,02,4243.2,792.5,527.3
2016 / 02,03,4428.3,807.4,618.6
2016 / 11,02,4340.9,566.6,475.8
2017 / 05,01,5719.4,654.8,722.8
2017 / 07,01,5466.4,632.7,734.5
2017 / 10,03,5549.6,710.6,643.8
2017 / 12,03,5442.1,945.7,693.0
2018 / 03,03,5082.8,788.4,630.9
2018 / 03,01,4747.6,628.3,587.7
2018 / 05,01,5934.6,636.9,682.3
2018 / 07,02,4558.1,547.5,546.8
2018 / 08,01,5559.3,647.7,689.7
2018 / 11,03,5757.3,845.8,713.4
2018 / 12,01,4993.5,729.0,648.2
2019 / 02,03,4392.4,638.3,586.1
2019 / 03,01,4515.4,572.0,616.8
2019 / 04,03,6037.6,716.8,716.2
2019 / 06,02,4520.3,576.8,564.4
2019 / 07,02,4784.8,571.6,581.0
2019 / 08,03,5757.2,731.6,756.4
2019 / 09,02,4239.6,502.6,501.0
2020 / 01,02,3946.9,586.0,534.8
2020 / 05,01,6495.4,651.4,925.8
2020 / 07,03,6772.4,900.7,960.4
2020 / 08,02,5021.5,533.7,710.5
2021 / 02,01,4009.7,480.9,563.4
2021 / 08,01,6146.0,607.5,727.8
2021 / 11,01,5927.5,562.3,646.9
2022 / 01,03,4787.7,692.9,619.0
2022 / 04,03,5763.9,713.1,674.1
2022 / 04,01,5284.9,568.0,689.4
2022 / 09,02,4319.9,478.7,500.1
2022 / 10,02,4314.3,470.1,474.6
2022 / 11,01,5260.1,509.0,604.2
2022 / 11,03,5604.3,647.5,599.0
2022 / 12,01,5109.1,684.4,704.9
2023 / 04,03,5398.5,599.2,614.6
2023 / 08,02,4393.3,473.0,501.5
1991 / 07,01,4897.1,,
1991 / 12,02,3988.9,,
1992 / 01,03,4624.1,,
1992 / 07,01,5708.1,,
1992 / 11,01,4638.0,,
1993 / 03,01,4478.1,,
1993 / 03,03,4951.3,,
1993 / 07,01,4909.8,,29.6
1993 / 09,01,4843.6,,
1993 / 09,03,5701.7,54.7,28.9
1994 / 01,01,4266.2,468.2,316.9
1994 / 07,03,5676.9,751.4,411.2
1994 / 07,01,5238.5,643.6,351.4
1994 / 09,02,4644.4,615.5,293.9
1995 / 03,02,4177.8,622.1,315.8
1995 / 05,02,5471.9,646.4,324.0
1995 / 06,02,5102.2,601.7,335.7
1995 / 10,01,5324.9,638.7,325.7
1995 / 11,02,3976.6,694.8,355.7
1995 / 12,03,4485.8,980.9,459.6
1996 / 02,01,3919.6,798.4,449.4
1996 / 03,03,4749.8,956.5,485.1
1996 / 04,02,4771.9,707.7,397.0
1996 / 05,03,6657.7,1028.4,556.9
1996 / 08,02,4629.7,638.5,368.9
1996 / 10,01,5662.8,754.8,412.3
1997 / 05,01,6226.3,,491.5
1997 / 10,01,5332.8,,467.1
1997 / 11,01,4892.5,,404.2
1998 / 03,01,4855.9,,420.9
1998 / 04,01,5602.4,,593.5
1998 / 07,03,6041.4,,648.4
1999 / 01,03,4930.3,,619.6
1999 / 02,02,3314.4,,353.1
1999 / 06,02,5328.1,,527.4
1999 / 08,02,4371.3,,497.6
1999 / 10,01,5273.6,,566.2
1999 / 11,01,4930.9,,530.5
1999 / 12,02,3994.9,,508.2
2000 / 02,01,4197.2,,527.4
2000 / 02,03,4306.0,,631.1
2000 / 04,01,5132.2,,567.4
2000 / 11,03,5059.2,,696.2
2000 / 11,01,4906.2,,593.4
2001 / 06,03,6661.8,,864.9
2001 / 07,01,5873.2,,724.1
2001 / 09,02,4459.2,,519.7
2001 / 10,02,4692.1,,571.1
2002 / 01,01,4781.1,4.3,675.9
2002 / 02,03,4313.1,,620.1
2002 / 02,02,3386.1,,450.8
2002 / 04,02,5050.1,,547.8
2002 / 04,01,6118.8,,674.4
2002 / 05,01,6675.7,,673.3
2002 / 06,02,5128.6,,563.6
2002 / 07,01,6769.5,,
2002 / 08,03,6760.2,,
2002 / 09,03,6909.0,,
2003 / 04,02,5507.8,,
2003 / 08,02,5535.0,,
2003 / 09,03,7646.1,,
2003 / 11,02,5789.1,,
2004 / 01,02,4221.8,,
2004 / 01,01,5097.9,,
2004 / 04,01,6748.2,574.2,550.4
2004 / 05,01,7381.7,898.5,543.5
2004 / 07,03,7447.5,1348.0,766.8
2004 / 08,02,5382.0,843.4,480.3
2004 / 12,03,6303.9,1597.7,650.3
2005 / 03,02,4509.7,906.5,454.8
2005 / 04,03,7383.7,1259.8,687.2
2005 / 04,01,6675.3,920.7,571.0
2005 / 06,01,7306.3,943.0,664.7
2005 / 10,02,5127.0,912.5,466.0
2006 / 02,01,4272.6,736.4,466.4
2006 / 04,01,6173.2,858.8,586.0
2007 / 01,02,4114.7,875.1,494.9
2007 / 02,02,3221.3,676.6,398.0
2007 / 05,03,7906.1,1249.3,736.5
2007 / 07,03,6608.1,1118.3,746.9
2007 / 08,03,6511.5,1181.8,724.2
2007 / 11,03,6237.9,1304.3,642.6
2008 / 02,03,4703.8,1038.8,594.1
2008 / 05,01,6120.2,859.6,566.2
2008 / 05,02,4980.7,802.3,468.6
2008 / 08,01,5387.7,758.2,530.1
2008 / 12,01,5443.4,953.6,574.5
2009 / 01,01,4336.0,802.4,573.8
2009 / 01,03,4866.4,1097.0,643.0
2009 / 05,03,6847.4,981.4,631.2
2009 / 05,02,4963.2,653.5,438.8
2009 / 05,01,6115.4,705.9,531.5
2009 / 06,01,6374.3,783.8,574.0
2009 / 09,02,4479.6,662.9,461.0
2009 / 11,02,4680.7,604.8,390.6
2010 / 02,02,2763.2,459.0,336.4
2010 / 08,03,5654.4,829.7,586.7
2011 / 02,03,4910.6,925.2,583.0
2011 / 03,01,5355.9,715.6,516.0
2011 / 05,01,6217.4,646.4,508.6
2011 / 08,01,6334.1,674.8,536.5
2011 / 12,02,4192.4,779.0,469.2
2012 / 04,02,4194.8,546.2,416.4
2012 / 08,02,4441.2,584.5,462.8
2012 / 09,03,5543.6,784.7,568.3
2012 / 11,03,7503.6,783.6,523.7
2013 / 02,03,4394.8,773.2,476.0
2013 / 06,01,5615.8,649.9,610.3
2013 / 08,03,5736.5,819.2,627.3
2013 / 11,02,4170.4,541.3,416.3
2014 / 02,02,2923.3,471.1,379.6
2014 / 03,02,3728.3,541.5,413.8
2014 / 06,02,4817.6,619.8,543.0
2014 / 08,02,4145.2,524.8,456.4
2014 / 09,02,4262.4,540.4,454.0
2015 / 01,01,4127.4,592.8,534.1
2015 / 02,03,3770.8,710.4,554.2
2015 / 04,03,5953.2,791.7,622.1
2015 / 07,01,5404.2,631.1,636.0
2015 / 12,01,5189.4,809.4,633.9
2016 / 01,03,4643.1,637.8,558.9
2016 / 03,03,5380.2,790.9,678.0
2016 / 08,03,5863.0,742.9,720.8
2016 / 11,03,5888.1,777.9,650.6
2016 / 12,02,4109.1,758.3,550.8
2016 / 12,01,5013.7,850.1,707.6
2017 / 04,03,5783.4,755.3,703.6
2017 / 08,03,6120.1,774.1,768.9
2017 / 12,02,3841.3,618.9,479.0
2018 / 05,03,7089.0,818.1,791.0
2018 / 07,03,6074.8,738.7,741.2
2018 / 11,02,4129.2,602.8,511.2
2019 / 01,03,5233.1,848.8,740.2
2019 / 06,03,6052.9,764.0,789.0
2019 / 08,02,4453.2,542.0,544.4
2020 / 02,03,4510.2,632.0,579.9
2020 / 02,01,4212.7,515.5,572.9
2020 / 09,02,4765.5,549.2,724.6
2021 / 03,01,5940.9,640.8,788.3
2021 / 03,03,6151.9,760.8,758.3
2021 / 04,02,4633.8,546.5,654.1
2021 / 05,03,6586.2,750.1,784.7
2021 / 07,02,4960.9,559.4,667.1
2021 / 08,03,6115.6,695.6,697.4
2021 / 10,01,6054.6,540.4,625.0
2021 / 12,02,4304.1,668.3,614.1
2022 / 02,01,4706.0,544.3,627.8
2022 / 03,01,5307.4,556.8,688.8
2022 / 06,03,6537.7,790.4,813.9
2022 / 08,01,5468.6,522.5,729.3
2022 / 10,03,5503.8,660.8,614.5
2022 / 12,02,4029.7,583.6,514.2
2023 / 06,02,4392.1,481.1,522.7
1990 / 06,02,3485.8,,
1990 / 07,02,4662.2,,
1990 / 11,03,4543.3,,
1991 / 02,03,3783.9,,
1991 / 03,01,4146.0,,
1991 / 07,02,4487.0,,
1991 / 12,01,4609.7,,
1991 / 12,03,4977.5,,
1992 / 02,03,4044.9,,
1992 / 03,01,4332.7,,
1992 / 03,02,3645.1,,
1992 / 04,03,5588.8,,
1992 / 05,02,5140.3,,
1992 / 05,01,5938.6,,
1992 / 08,01,5217.5,,
1992 / 12,01,4908.0,,
1993 / 02,01,3628.5,,
1993 / 04,02,5046.0,,11.0
1993 / 05,03,6760.3,,
1993 / 08,03,5398.9,,
1993 / 12,02,3830.6,712.8,300.5
1994 / 02,02,3311.2,339.3,205.2
1994 / 03,02,4300.6,817.7,356.2
1994 / 08,02,5026.0,612.4,306.9
1994 / 09,03,5533.4,799.8,372.3
1994 / 10,03,5541.0,820.6,365.6
1994 / 12,01,5171.8,750.3,329.4
1995 / 02,03,3927.2,628.3,315.7
1995 / 02,02,3170.7,462.6,245.5
1995 / 05,03,6854.9,856.5,403.4
1995 / 10,03,5304.8,807.6,379.6
1996 / 04,01,6032.0,768.4,445.1
1996 / 08,01,5611.2,673.3,425.9
1996 / 11,01,4837.4,751.5,381.8
1996 / 11,03,4943.5,932.6,436.4
1996 / 12,03,5077.5,1061.5,466.6
1997 / 01,03,4534.0,913.4,490.7
1997 / 05,03,6889.7,,594.9
1997 / 09,03,5688.0,,514.2
1997 / 09,01,5509.5,,443.0
1998 / 11,01,4619.2,,482.3
1999 / 05,01,5853.6,,590.7
1999 / 06,03,7227.7,,721.8
1999 / 09,01,5700.2,,606.4
2000 / 03,02,4147.6,,521.6
2000 / 05,03,7344.8,,807.0
2000 / 06,03,6551.5,,829.7
2000 / 07,01,5823.7,,657.6
2000 / 09,01,5545.2,,631.6
2000 / 09,02,4579.0,,515.4
2001 / 03,03,5055.0,,687.7
2001 / 03,01,4866.1,,601.7
2002 / 02,01,4120.2,,538.9
2002 / 11,01,7432.8,,
2002 / 12,01,6259.8,,
2002 / 12,03,6816.0,,
2003 / 02,03,4700.0,,
2003 / 06,03,8246.9,,
2003 / 07,01,7438.3,,
2003 / 09,01,7292.6,,
2003 / 10,02,5581.0,,
2003 / 11,01,7168.7,,
2003 / 11,03,7891.8,,
2004 / 02,03,5257.2,,
2004 / 04,03,7342.2,785.9,639.1
2004 / 05,02,6169.4,853.5,459.8
2004 / 11,03,6156.7,1317.9,588.0
2005 / 01,01,4823.2,837.8,481.3
2005 / 01,03,5132.6,1210.9,573.6
2005 / 01,02,3927.1,767.2,389.4
2005 / 04,02,5549.2,843.1,471.9
2005 / 05,02,5631.6,820.3,448.6
2005 / 05,01,6832.2,853.7,547.1
2005 / 06,03,7958.1,1303.6,772.0
2005 / 06,02,6091.9,906.3,553.3
2005 / 08,03,6820.7,1147.5,708.5
2006 / 06,02,5638.1,938.0,541.4
2007 / 03,03,5485.8,1246.9,663.7
2007 / 12,03,6454.3,1382.8,620.2
2008 / 01,01,5084.5,885.9,590.9
2008 / 01,03,5749.8,1235.6,681.5
2008 / 03,03,5528.5,1079.6,634.8
2008 / 08,03,5893.4,1042.0,624.9
2008 / 10,03,5959.3,1113.3,603.9
2008 / 10,01,5497.5,812.5,529.5
2009 / 02,03,4278.8,820.2,504.4
2009 / 02,01,4051.9,620.2,437.2
2009 / 03,03,5126.9,868.5,512.9
2009 / 04,03,6132.0,957.7,576.0
2009 / 08,02,4518.5,625.4,474.3
2010 / 01,01,4504.8,725.4,556.8
2010 / 01,02,3627.8,645.9,452.0
2010 / 02,03,3699.5,644.8,444.8
2010 / 03,01,5947.9,815.9,604.4
2010 / 04,03,6609.4,942.7,637.2
2010 / 05,02,4837.2,626.0,444.6
2010 / 07,02,4450.8,611.8,479.1
2010 / 07,01,5573.4,673.8,590.4
2010 / 08,02,4367.7,592.7,436.6
2010 / 09,03,5833.0,931.4,617.9
2010 / 12,02,3114.9,625.5,379.7
2011 / 03,02,4159.5,675.9,447.3
2011 / 05,03,6952.4,877.8,601.4
2011 / 06,01,6294.7,701.8,583.5
2011 / 07,03,5619.3,800.3,617.9
2011 / 09,01,6305.4,723.1,530.5
2011 / 09,03,6424.2,933.8,604.8
2011 / 10,01,5467.7,665.1,486.7
2012 / 03,03,5274.9,815.1,567.2
2012 / 05,01,6045.0,641.5,500.1
2013 / 07,01,5835.2,627.0,615.8
2013 / 09,03,5573.7,785.4,577.6
2013 / 09,02,4327.5,556.1,416.7
2013 / 10,03,5683.3,821.6,601.1
2013 / 11,01,4989.6,603.2,528.0
2014 / 04,03,6160.4,841.9,643.4
2014 / 06,03,6345.5,845.8,739.0
2014 / 07,01,5799.0,633.9,680.1
2014 / 07,03,6227.9,835.9,750.8
2014 / 11,01,4826.9,596.2,470.1
2015 / 03,03,4922.0,770.9,534.0
2015 / 05,02,4704.9,531.6,469.3
2015 / 06,01,5827.8,704.6,633.1
2015 / 12,03,5941.4,1117.1,707.6
2016 / 02,01,4201.5,657.3,616.3
2016 / 04,01,4877.6,584.6,606.7
2016 / 05,03,6171.1,751.1,669.1
2016 / 05,02,4522.4,551.2,499.2
2016 / 06,02,4813.3,612.1,602.2
2016 / 09,02,4084.2,562.2,506.3
2016 / 11,01,5145.5,613.9,598.1
2017 / 01,03,5032.0,812.0,663.8
2017 / 02,03,4405.1,626.1,555.6
2017 / 03,02,3556.6,509.6,471.9
2017 / 03,03,4809.0,717.7,634.8
2017 / 05,02,4854.5,601.2,577.0
2017 / 05,03,6714.8,809.7,784.1
2017 / 09,03,5674.5,730.8,710.5
2017 / 11,01,5137.8,648.8,629.6
2018 / 01,01,4657.7,653.7,668.0
2018 / 01,03,5203.2,809.0,705.7
2018 / 03,02,3799.6,570.3,459.8
2018 / 04,02,4125.1,532.0,485.6
2018 / 04,01,5069.9,607.1,608.9
2018 / 05,02,5064.8,591.0,554.1
2019 / 05,03,6938.4,833.7,833.4
2019 / 05,01,5710.2,620.9,702.1
2019 / 11,02,3918.0,471.6,443.8
2020 / 03,02,4014.9,545.9,534.3
2020 / 04,03,6130.2,812.2,905.4
2020 / 06,03,7161.8,857.2,980.5
2020 / 06,02,5191.9,613.6,830.1
2020 / 07,01,6389.2,704.0,986.8
2020 / 07,02,4921.8,602.7,789.1
2020 / 10,01,6093.6,646.1,884.2
2020 / 12,02,4435.9,733.9,653.6
2021 / 04,01,5917.2,642.9,808.3
2022 / 06,02,4951.9,542.1,600.2
2022 / 07,03,5622.7,660.3,711.1
2023 / 01,01,5084.7,591.6,681.4
2023 / 05,03,6317.7,665.9,705.9
2023 / 07,03,5701.6,673.0,661.5
1990 / 06,03,4242.2,,
1990 / 06,01,3790.0,,
1990 / 08,01,5102.6,,
1991 / 01,03,4425.5,,
1991 / 02,02,3058.9,,
1991 / 03,02,3667.4,,
1991 / 05,02,5142.3,,
1991 / 08,01,4916.9,,
1991 / 10,02,4388.9,,
1991 / 10,01,5019.4,,
1992 / 03,03,4385.6,,
1992 / 10,01,4918.4,,
1992 / 12,02,4336.8,,
1993 / 04,01,5771.4,49.4,26.5
1993 / 10,01,4702.9,,
1993 / 11,01,4656.2,661.2,287.1
1994 / 01,02,3866.4,455.3,274.5
1994 / 02,01,3607.3,378.0,219.2
1994 / 04,01,5909.9,686.5,340.5
1994 / 06,02,5402.8,648.7,323.0
1994 / 11,02,4300.5,663.0,276.1
1995 / 01,03,4872.9,758.9,385.5
1995 / 09,02,4302.9,570.3,294.9
1996 / 01,01,4267.1,564.7,350.2
1996 / 01,02,3658.5,542.8,332.4
1996 / 05,01,6174.2,829.4,476.1
1996 / 05,02,5249.0,756.9,438.4
1996 / 09,02,4435.8,636.6,361.2
1996 / 10,02,4746.3,728.1,393.0
1997 / 04,02,4587.2,12.6,399.9
1997 / 08,01,5250.3,,457.6
1997 / 09,02,4458.5,,398.5
1998 / 01,01,4767.8,,459.7
1998 / 01,02,3861.5,,413.8
1998 / 02,01,4023.4,,365.7
1998 / 07,02,4693.0,,478.6
1998 / 08,03,5456.7,,611.6
1998 / 11,02,3915.4,,380.2
1999 / 01,02,3767.0,,426.5
1999 / 03,02,4189.6,,391.7
1999 / 03,01,4942.1,,523.9
1999 / 04,02,4740.1,,442.3
1999 / 04,03,6389.6,50.6,631.4
1999 / 07,01,5239.5,,626.7
1999 / 10,02,4469.4,,477.6
1999 / 11,02,4085.6,,462.5
1999 / 12,03,5137.3,,715.1
2000 / 02,02,3407.6,,458.3
2000 / 03,01,5122.4,,599.6
2000 / 06,02,5236.5,,602.1
2000 / 10,02,4594.2,,502.4
2001 / 01,03,5092.6,,741.6
2001 / 01,01,4542.9,,634.0
2001 / 02,03,4242.6,0.5,573.0
2001 / 02,02,3343.8,,415.2
2001 / 03,02,3983.7,,498.0
2001 / 04,02,4888.6,,550.9
2001 / 06,02,5125.4,,608.4
2001 / 07,03,6119.3,,786.9
2001 / 09,01,5189.1,,619.1
2001 / 11,02,4270.8,,540.8
2002 / 06,01,6126.4,,666.4
2002 / 08,01,6390.3,,
2002 / 09,02,5450.7,,
2002 / 10,01,6653.3,,
2003 / 02,02,3638.5,,
2003 / 12,02,5148.2,,
2004 / 01,03,5546.7,,
2004 / 03,02,5033.6,,
2004 / 06,02,6297.3,909.5,526.5
2004 / 08,03,6934.1,1194.6,656.8
2004 / 10,02,4903.7,883.8,432.6
2004 / 11,02,4844.9,892.1,418.0
2004 / 12,01,5892.3,1138.8,577.1
2005 / 02,01,4361.1,823.0,467.5
2005 / 03,01,5559.5,946.8,543.5
2005 / 09,03,6555.3,1231.9,696.2
2005 / 09,02,4903.6,844.1,476.4
2005 / 10,01,6309.0,988.6,556.3
2006 / 01,02,4289.7,915.0,473.2
2006 / 04,03,6890.2,1170.3,669.8
2006 / 04,02,4916.2,793.8,478.6
2006 / 05,01,7206.6,919.4,603.9
2006 / 06,03,7572.6,1361.1,757.9
2006 / 09,03,7085.4,1284.4,692.8
2006 / 09,01,6368.9,925.6,604.6
2006 / 10,01,5995.2,927.9,575.7
2007 / 01,01,5082.5,921.9,597.2
2007 / 04,03,6253.0,1146.4,613.0
2007 / 09,03,5992.5,1105.2,615.3
2007 / 10,01,5853.1,894.9,557.5
2007 / 11,02,4562.0,891.6,449.2
2007 / 12,02,4649.4,907.6,431.2
2008 / 03,02,4050.2,755.6,464.9
2008 / 04,02,4741.2,778.6,464.3
2008 / 11,03,6123.0,1056.7,537.1
2009 / 03,01,4956.7,662.6,485.2
2009 / 07,01,6094.0,710.3,586.8
2009 / 10,03,5851.9,1005.5,646.6
2010 / 03,03,6576.0,1062.2,686.9
2010 / 09,02,4425.0,674.2,474.9
2011 / 01,03,5102.3,862.2,579.1
2011 / 02,01,4589.5,693.1,525.8
2011 / 03,03,5528.0,929.7,577.6
2011 / 04,01,5429.0,698.0,501.1
2011 / 04,02,4395.2,638.3,436.1
2012 / 03,02,3948.5,578.0,425.2
2012 / 06,01,5701.7,682.5,550.2
2013 / 01,02,3954.9,696.0,462.4
2013 / 06,02,4926.2,607.4,492.1
2013 / 10,01,5065.3,605.0,545.5
2013 / 12,03,5773.6,1052.4,675.1
2014 / 01,03,4949.6,954.4,710.6
2014 / 03,01,4691.3,588.6,546.8
2014 / 05,01,6037.6,641.0,640.1
2014 / 08,01,5093.8,578.7,578.2
2014 / 09,01,5188.2,597.1,569.6
2015 / 02,01,3457.2,549.5,498.5
2015 / 03,02,3711.3,575.9,419.2
2015 / 07,03,6001.4,809.1,726.0
2015 / 10,01,4912.5,625.1,553.6
2016 / 03,02,3908.9,576.2,508.3
2016 / 05,01,5384.9,595.2,614.7
2016 / 07,01,5277.9,629.1,689.6
2016 / 12,03,5593.9,1104.2,763.1
2017 / 01,01,4702.4,660.9,647.6
2017 / 02,01,4034.2,513.3,543.1
2017 / 02,02,3158.7,461.2,424.8
2017 / 06,01,6041.9,665.4,761.0
2017 / 10,01,5012.6,598.3,613.8
2017 / 12,01,4645.5,701.4,620.1
2018 / 02,01,4193.5,548.0,533.8
2018 / 06,02,4739.5,591.6,586.3
2018 / 06,03,6594.2,828.2,813.8
2018 / 09,03,5626.7,760.8,700.0
2018 / 09,01,5012.8,624.0,650.0
2019 / 06,01,5263.8,644.7,750.7
2020 / 01,03,5351.9,856.2,761.6
2020 / 04,01,5302.3,627.0,867.2
2020 / 05,02,5189.0,571.5,702.7
2020 / 10,02,4691.7,577.1,666.6
2020 / 10,03,6406.3,840.8,828.1
2020 / 11,03,6941.5,749.6,685.3
2020 / 11,01,6384.4,605.5,693.0
2020 / 12,01,5801.1,787.2,831.0
2021 / 02,02,3169.7,444.6,458.2
2021 / 06,03,6995.0,834.7,826.5
2021 / 08,02,4717.7,491.9,586.5
2021 / 09,03,6552.4,792.9,769.9
2021 / 11,02,4487.0,490.3,484.4
2021 / 12,03,5829.6,999.4,799.0
2022 / 01,01,4524.8,587.5,643.4
2022 / 02,02,3724.8,479.5,482.1
2022 / 03,02,4091.1,486.1,524.6
2022 / 04,02,4306.5,492.4,515.5
2022 / 05,01,5878.5,549.9,707.4
2023 / 02,03,4347.4,545.5,515.1
2023 / 02,02,3247.5,375.5,391.5
1990 / 09,03,5015.3,,
1990 / 10,03,5231.8,,
1990 / 12,03,4545.4,,
1991 / 02,01,3525.3,,
1991 / 04,01,5095.6,,
1991 / 05,01,5787.6,,
1991 / 11,01,4478.1,,
1992 / 01,01,4295.3,,
1992 / 04,01,5165.0,,
1992 / 07,02,5017.0,,
1992 / 07,03,6131.1,,
1992 / 10,03,5394.8,,
1992 / 10,02,4400.4,,
1992 / 11,02,3944.1,,
1993 / 04,03,6214.7,,
1993 / 09,02,4427.8,21.1,
1993 / 11,02,4090.6,676.1,281.3
1994 / 02,03,3894.0,435.7,229.4
1994 / 03,01,4947.3,901.0,382.9
1994 / 06,01,5889.7,676.6,329.4
1994 / 08,03,6023.9,796.5,386.3
1994 / 11,01,4909.8,690.9,292.4
1995 / 03,01,5029.0,640.1,328.7
1995 / 04,02,4498.1,565.1,298.9
1995 / 06,01,6012.9,692.1,375.4
1995 / 07,03,5885.1,742.0,428.1
1995 / 09,03,5335.4,779.1,380.0
1996 / 01,03,4586.5,733.4,389.6
1996 / 06,03,5993.8,938.7,528.4
1996 / 06,01,5668.8,738.1,429.2
1996 / 07,02,4819.5,631.5,401.0
1996 / 09,03,5432.2,846.8,450.8
1997 / 01,01,4376.5,701.0,450.3
1997 / 03,03,4600.6,896.6,456.1
1997 / 04,03,5904.6,16.8,512.8
1997 / 08,03,5465.1,,515.1
1997 / 08,02,4270.0,,395.7
1997 / 10,03,5564.3,,529.2
1998 / 04,03,5974.9,,597.3
1998 / 05,01,6076.3,,573.3
1998 / 06,03,6425.1,,628.2
1998 / 08,01,5100.1,,571.2
1998 / 12,01,4902.2,,549.4
1998 / 12,03,5502.7,,560.4
1999 / 05,03,6912.2,,621.0
1999 / 07,02,4407.0,12.6,552.5
1999 / 08,01,5277.7,5.0,616.0
1999 / 10,03,5664.1,,690.8
2000 / 08,01,6009.2,,656.4
2000 / 10,03,5553.7,,693.1
2000 / 12,03,4703.1,,620.9
2000 / 12,01,4367.8,,533.3
2001 / 04,03,6286.3,,724.3
2001 / 07,02,4860.0,,592.6
2001 / 08,03,5792.4,,787.4
2001 / 12,01,5459.2,,588.7
2002 / 01,02,3995.5,,603.1
2002 / 03,03,5235.9,,684.0
2002 / 07,02,5573.6,,
2002 / 08,02,5299.4,,
2002 / 11,03,8135.1,,
2003 / 01,01,5442.0,,
2003 / 04,01,6740.0,,
2003 / 06,01,7636.6,,
2003 / 08,01,7065.9,,
2004 / 06,01,7531.4,934.6,597.7
2004 / 07,02,5620.5,923.5,528.5
2004 / 08,01,6731.9,880.2,565.7
2004 / 09,02,5366.4,929.3,489.0
2004 / 10,01,6018.7,963.7,550.3
2005 / 03,03,5803.0,1295.4,614.7
2005 / 08,02,5189.8,799.1,506.0
2005 / 11,03,6615.2,1298.3,626.2
2006 / 01,01,5475.2,951.7,578.0
2006 / 08,02,4916.8,807.5,518.5
2006 / 09,02,5205.9,847.8,472.2
2006 / 10,03,6375.9,1253.4,635.9
2006 / 11,01,5936.7,1022.2,584.3
2006 / 12,03,5742.1,1459.0,667.9
2006 / 12,01,5292.5,1033.8,577.5
2008 / 06,01,5934.8,833.7,585.9
2008 / 11,02,4399.8,715.1,384.9
2008 / 12,03,6047.3,1320.2,642.0
2009 / 01,02,3542.1,739.6,458.8
2009 / 07,03,6406.8,928.5,663.6
2009 / 11,01,5833.6,664.5,475.1
2010 / 02,01,3488.2,483.7,400.9
2010 / 03,02,4877.2,761.1,511.4
2010 / 04,01,5958.7,689.5,547.2
2010 / 06,02,5229.4,672.2,504.1
2010 / 06,01,6365.3,701.3,581.8
2010 / 10,01,5301.1,705.9,509.4
2011 / 04,03,5947.3,913.8,578.2
2011 / 07,02,4252.7,550.7,454.7
2011 / 11,02,4804.6,600.0,414.8
2011 / 12,01,5194.7,839.4,547.7
2012 / 02,03,4392.8,739.2,510.7
2012 / 02,01,4029.4,554.8,445.1
2012 / 06,03,6358.1,886.6,637.7
2012 / 07,03,5696.6,735.3,606.6
2012 / 10,02,4173.0,538.0,396.5
2013 / 02,02,3376.8,559.6,347.0
2013 / 05,01,5987.9,611.8,571.7
2013 / 08,02,4525.4,592.9,456.8
2014 / 04,02,4446.8,591.5,478.9
2014 / 06,01,5766.5,650.1,687.3
2015 / 03,01,4705.5,626.5,526.1
2015 / 09,03,5659.6,794.9,628.6
2015 / 11,02,4359.2,537.2,404.7
2015 / 11,03,6011.8,738.0,541.5
2015 / 11,01,5180.7,591.1,506.2
2016 / 07,02,4250.4,554.0,542.6
2016 / 10,03,5445.8,748.5,643.1
2016 / 10,02,4070.1,547.1,485.9
2017 / 01,02,3698.1,593.4,513.1
2017 / 03,01,4530.2,576.3,597.3
2018 / 02,03,4536.0,680.1,591.6
2018 / 07,01,5585.4,638.4,686.7
2018 / 10,01,5407.4,631.6,665.6
2018 / 12,02,4049.1,618.2,481.0
2019 / 07,03,6319.7,788.6,799.0
2019 / 07,01,5731.4,652.9,765.8
2019 / 10,03,5282.2,687.3,664.1
2019 / 11,01,4607.8,544.1,579.3
2019 / 12,02,4279.2,665.8,546.0
2020 / 04,02,4378.4,560.4,657.5
2020 / 08,03,6861.7,747.8,830.3
2020 / 09,01,6081.8,612.6,892.7
2020 / 11,02,4976.6,530.5,530.5
2021 / 01,02,3950.4,574.7,605.6
2021 / 03,02,4538.7,557.1,620.0
2021 / 04,03,6330.0,801.7,803.6
2021 / 05,01,5983.9,596.2,786.4
2022 / 05,03,6400.7,693.7,681.1
2022 / 05,02,4770.1,493.4,528.4
2023 / 01,02,3944.6,508.0,503.7
2023 / 03,01,4950.3,519.4,621.9
2023 / 04,02,3973.3,422.9,473.0
2023 / 05,01,5768.2,537.9,678.0
2023 / 05,02,4591.1,469.0,516.8
2023 / 06,03,5807.9,684.3,698.2
2023 / 07,02,4390.3,488.2,515.4
1990 / 09,02,4114.9,,
1990 / 10,01,4753.6,,
1990 / 11,02,3773.5,,
1991 / 04,03,5554.4,,
1991 / 04,02,4475.5,,
1991 / 11,03,4874.0,,
1992 / 02,02,3275.9,,
1992 / 09,03,5513.2,,
1992 / 09,02,4446.3,,
1993 / 01,03,4947.7,,
1993 / 02,03,3984.4,,
1993 / 05,02,5210.0,,11.5
1993 / 07,02,4564.1,,
1993 / 07,03,5784.2,,
1993 / 08,02,4226.3,34.4,10.8
1995 / 02,01,3679.2,465.3,265.6
1995 / 04,01,5215.0,598.2,299.0
1995 / 09,01,5150.0,628.6,344.1
1995 / 10,02,4309.9,591.9,291.4
1995 / 11,03,4929.0,940.2,430.5
1996 / 03,02,3758.0,673.4,377.5
1996 / 04,03,5995.9,978.1,506.3
1997 / 02,01,3885.2,619.8,365.9
1997 / 03,01,4558.9,679.6,404.6
1997 / 03,02,3711.9,656.7,342.8
1997 / 06,03,6203.7,,527.9
1997 / 10,02,4381.0,,420.9
1998 / 02,03,3961.7,,441.7
1998 / 02,02,3204.3,,336.9
1998 / 03,03,4883.4,,508.0
1998 / 06,02,5010.4,,469.2
1998 / 08,02,4324.9,,425.7
1998 / 09,03,6364.1,,612.8
1998 / 10,03,5767.7,,631.2
1998 / 11,03,5105.9,,546.3
1999 / 01,01,4494.3,,573.2
1999 / 08,03,5509.0,,691.7
1999 / 11,03,5244.3,,628.0
1999 / 12,01,4813.1,,578.4
2000 / 01,01,4096.8,,549.2
2000 / 03,03,5262.5,,713.7
2000 / 07,03,6014.7,,786.7
2000 / 10,01,5356.3,,595.2
2001 / 04,01,5891.1,,651.6
2001 / 05,03,7074.8,,830.7
2001 / 05,01,6274.5,,705.1
2001 / 10,03,5801.5,,723.1
2001 / 11,03,5348.8,,726.6
2001 / 12,03,5649.8,,673.1
2002 / 03,01,4802.0,,598.4
2002 / 04,03,6608.9,,734.9
2002 / 09,01,6581.6,,
2003 / 02,01,4396.0,,
2003 / 03,01,6381.1,,
2003 / 04,03,7289.8,,
2003 / 07,03,8017.7,,
2003 / 07,02,6069.6,,
2004 / 02,02,3883.4,,
2004 / 05,03,8413.6,1258.8,658.7
2005 / 05,03,7652.6,1202.4,657.2
2005 / 07,03,7239.4,1209.3,754.7
2005 / 08,01,6433.9,832.7,610.7
2005 / 12,01,5685.3,1103.9,568.4
2006 / 02,02,3439.7,680.6,380.0
2006 / 03,02,4296.7,814.4,470.8
2006 / 05,02,5941.0,861.5,497.6
2006 / 08,03,6585.7,1201.2,729.8
2007 / 03,01,5105.1,912.8,581.5
2007 / 08,02,4910.5,809.3,533.6
2007 / 10,03,6429.2,1211.9,623.0
2007 / 11,01,5615.0,940.9,557.8
2008 / 04,01,5836.0,806.0,545.5
2008 / 04,03,6606.9,1094.1,619.0
2008 / 06,02,4873.9,786.6,483.6
2008 / 07,01,6092.1,800.7,598.9
2008 / 09,02,4553.9,769.8,451.9
2008 / 11,01,5545.8,761.3,464.3
2009 / 03,02,3828.7,620.8,391.0
2009 / 12,03,5724.9,1226.5,685.8
2010 / 04,02,4783.7,645.8,464.4
2010 / 05,01,5905.0,672.5,516.5
2010 / 10,03,5730.4,953.6,598.2
2010 / 10,02,4241.2,659.3,441.2
2010 / 11,01,5871.8,661.2,475.2
2010 / 11,02,4668.4,622.7,414.0
2011 / 05,02,5039.1,610.8,452.2
2011 / 07,01,5251.1,608.4,532.0
2011 / 08,03,6696.1,892.6,605.9
2011 / 11,01,5985.4,651.1,459.2
2011 / 11,03,6802.0,898.6,545.6
2012 / 01,01,4603.1,659.5,555.6
2012 / 03,01,4906.6,618.5,498.9
2012 / 06,02,4729.1,620.0,478.0
2012 / 09,02,4174.0,565.5,427.9
2012 / 11,01,6695.3,627.2,524.3
2012 / 12,01,5117.3,752.9,512.4
2012 / 12,02,4354.7,687.6,411.4
2013 / 01,01,4717.4,745.1,572.8
2013 / 04,02,4719.9,594.1,429.1
2013 / 05,02,5227.0,589.4,468.3
2013 / 07,03,6213.5,812.2,682.5
2013 / 12,01,5186.5,783.8,632.5
2014 / 01,01,4315.6,675.1,636.7
2014 / 04,01,5411.7,610.6,591.0
2014 / 12,01,5480.7,807.1,614.3
2014 / 12,03,6208.7,1070.3,676.2
2015 / 01,03,4594.2,761.8,601.5
2015 / 01,02,3342.3,541.3,430.9
2015 / 02,02,2816.9,512.6,411.7
2015 / 07,02,4515.4,582.0,518.8
2015 / 08,03,5380.0,711.8,619.8
2015 / 08,01,5009.1,588.6,588.5
2015 / 10,02,4136.6,597.9,455.4
2016 / 01,02,3363.7,446.1,400.9
2016 / 04,03,5598.7,733.6,661.1
2016 / 06,03,6570.6,834.9,833.9
2016 / 08,02,4408.9,548.5,530.8
2016 / 09,03,5418.6,768.7,698.0
2017 / 06,03,6695.7,833.0,825.2
2017 / 07,02,4481.1,567.5,575.2
2017 / 08,01,5468.0,628.9,697.4
2017 / 09,02,4157.9,530.3,508.0
2017 / 11,03,5779.7,810.8,716.4
2018 / 10,02,4452.0,561.7,520.4
2018 / 10,03,5988.7,769.2,709.5
2018 / 11,01,5181.2,676.5,665.5
2019 / 01,01,4667.4,672.2,694.3
2019 / 02,01,4049.1,519.8,553.3
2019 / 03,03,5000.6,687.4,638.9
2019 / 04,01,5332.0,604.8,683.9
2019 / 05,02,4994.5,566.4,560.3
2019 / 08,01,5401.8,614.6,724.3
2019 / 09,03,5506.4,662.0,671.8
2019 / 10,02,4022.9,514.1,493.2
2019 / 11,03,5287.5,665.9,629.2
2019 / 12,01,5329.7,748.0,741.3
2020 / 01,01,4751.0,650.1,713.9
2020 / 02,02,3418.3,459.3,428.3
2020 / 05,03,7306.6,853.2,988.1
2021 / 01,03,5633.6,874.2,777.7
2021 / 05,02,4751.9,511.2,644.9
2021 / 06,02,5203.1,573.6,697.7
2021 / 07,03,6473.4,834.3,798.1
2022 / 02,03,4985.7,685.1,634.4
2022 / 11,02,4236.2,442.3,454.1
2023 / 01,03,5277.4,716.8,658.7
2023 / 03,03,5066.9,653.0,616.1
2023 / 03,02,3934.8,467.6,478.8
2023 / 04,01,4975.1,478.5,617.6
2023 / 08,03,5771.5,679.5,660.2
2023 / 09,02,4207.1,464.4,457.5
1990 / 07,03,5377.9,,
1991 / 01,01,3955.2,,
1991 / 06,02,4249.5,,
1991 / 06,01,4791.4,,
1991 / 07,03,5559.6,,
1991 / 08,02,4247.7,,
1992 / 01,02,3709.2,,
1992 / 05,03,6839.5,,
1992 / 06,02,5288.9,,
1992 / 09,01,5081.7,,
1993 / 02,02,3210.4,,
1993 / 06,02,5240.3,,
1993 / 06,01,5762.5,,3.6
1993 / 10,02,4274.9,65.2,7.2
1993 / 10,03,5489.4,,
1993 / 11,03,5198.6,872.7,354.0
1993 / 12,01,4314.8,746.7,338.0
1994 / 04,02,5136.1,638.8,304.3
1994 / 04,03,6429.9,822.9,396.1
1994 / 08,01,5710.8,637.3,327.4
1994 / 09,01,5244.4,650.3,305.0
1994 / 11,03,5283.3,881.0,355.2
1994 / 12,03,5324.6,945.8,392.3
1994 / 12,02,4272.8,720.0,301.5
1995 / 04,03,5635.4,750.6,356.0
1995 / 05,01,6355.1,672.8,332.6
1995 / 06,03,6545.4,786.3,405.8
1995 / 11,01,4737.8,740.0,387.8
1996 / 02,02,3253.2,684.2,376.6
1996 / 06,02,4774.7,675.7,392.2
1996 / 10,03,6032.8,954.2,482.9
1997 / 02,02,3183.1,598.9,313.9
1997 / 06,02,4754.9,,415.4
1997 / 11,02,3844.3,,366.7
1998 / 01,03,4969.6,,543.3
1998 / 04,02,4666.1,,446.3
1998 / 05,03,6799.4,,617.2
1998 / 05,02,5098.8,,435.0
1998 / 09,02,5055.3,,453.0
1998 / 12,02,4167.6,,422.7
1999 / 05,02,5035.4,,434.8
1999 / 09,03,6231.3,,748.2
2000 / 01,02,3480.0,,480.4
2000 / 01,03,4357.1,,669.6
2001 / 05,02,5371.3,,598.5
2001 / 06,01,5987.6,,763.5
2001 / 09,03,5515.4,,706.1
2001 / 10,01,5420.5,,662.3
2002 / 01,03,5197.3,,804.4
2002 / 03,02,4113.5,,499.7
2002 / 10,03,7107.0,,
2003 / 01,03,5936.2,,
2003 / 05,01,7503.0,,
2003 / 05,02,6319.3,,
2003 / 08,03,7370.5,,
2003 / 10,01,6925.9,,
2004 / 09,01,6639.1,967.2,586.3
2004 / 10,03,6515.6,1325.6,646.2
2004 / 12,02,4787.1,1096.9,474.4
2005 / 07,02,5423.8,803.0,490.2
2005 / 09,01,6071.6,895.7,592.2
2005 / 11,01,6264.2,927.9,546.6
2005 / 12,02,4518.5,999.9,444.0
2006 / 07,02,5355.1,796.2,511.7
2006 / 08,01,6225.1,863.6,661.6
2006 / 12,02,4197.9,939.4,451.6
2007 / 01,03,5593.3,1257.7,668.8
2007 / 03,02,4066.0,848.2,468.7
2007 / 04,01,5962.4,886.7,561.0
2007 / 06,01,6348.8,937.5,664.3
2007 / 07,02,5005.5,794.2,555.3
2007 / 07,01,6287.1,850.1,683.1
2008 / 02,01,4272.9,769.9,527.5
2008 / 05,03,7091.6,1202.9,679.1
2008 / 07,03,6448.7,1064.0,680.6
2008 / 09,01,5688.4,810.7,539.0
2008 / 12,02,4355.6,891.7,471.4
2009 / 04,01,5652.4,716.8,518.0
2009 / 08,01,5723.4,677.4,578.5
2009 / 08,03,5798.5,890.3,643.2
2009 / 09,03,5932.8,940.8,630.1
2010 / 05,03,6630.4,901.8,607.2
2010 / 09,01,5446.2,694.8,535.3
2011 / 01,01,4513.7,642.4,520.8
2011 / 01,02,3695.8,597.1,436.0
2011 / 09,02,5155.8,678.6,455.3
2012 / 01,02,3710.0,615.8,481.4
2012 / 04,01,5140.1,572.1,473.7
2012 / 04,03,5616.1,750.1,536.0
2012 / 05,03,6862.0,885.0,611.4
2012 / 07,01,5401.4,578.3,549.0
2012 / 09,01,5078.3,600.8,503.3
2012 / 11,02,6521.9,504.9,364.2
2012 / 12,03,5779.7,1032.5,563.6
2013 / 03,01,4441.8,609.8,498.8
2013 / 04,03,6346.9,771.6,570.1
2013 / 06,03,6368.5,846.7,664.6
2013 / 07,02,4827.7,589.6,497.0
2013 / 09,01,5125.2,585.8,517.3
2013 / 12,02,4200.5,725.1,495.6
2014 / 02,03,3895.3,683.2,493.2
2014 / 05,03,6918.7,869.5,716.3
2014 / 09,03,5564.1,746.8,623.0
2014 / 10,02,4263.3,608.5,455.8
2014 / 11,03,5678.5,763.6,511.9
2015 / 04,02,4360.7,572.4,468.1
2015 / 05,01,5484.0,588.9,564.5
2015 / 09,01,5094.4,623.8,560.8
2016 / 01,01,4053.3,507.3,489.8
2016 / 04,02,4090.7,539.3,494.6
2016 / 06,01,5764.8,666.0,747.4
2016 / 09,01,4993.3,622.6,649.2
2017 / 04,02,4150.2,552.1,522.6
2017 / 04,01,5064.5,626.8,662.5
2017 / 07,03,5970.7,740.3,782.6
2017 / 10,02,4146.8,529.9,484.9
2017 / 11,02,4293.7,582.9,511.8
2018 / 04,03,5599.5,719.0,641.6
2018 / 12,03,5544.3,913.2,662.8
2019 / 01,02,3772.6,608.1,538.0
2019 / 03,02,3636.9,508.1,474.9
2019 / 09,01,5032.6,559.1,648.6
2019 / 12,03,5875.4,968.6,739.1
2020 / 03,03,5463.3,743.4,707.2
2020 / 03,01,4932.1,584.8,688.3
2020 / 09,03,6615.1,788.9,818.6
2020 / 12,03,6378.5,1053.5,863.3
2021 / 06,01,6633.9,683.7,876.2
2021 / 09,02,5003.4,516.2,628.9
2021 / 10,03,6304.1,639.1,600.5
2021 / 11,03,6265.3,672.6,645.7
2022 / 03,03,5473.4,691.9,652.5
2022 / 07,01,5293.5,518.9,713.8
2022 / 08,03,5694.5,654.7,669.4
2022 / 09,03,5622.8,679.4,681.4
2022 / 09,01,5370.8,543.7,691.1
2022 / 10,01,5283.6,551.8,656.0
2023 / 02,01,4157.2,441.6,529.7
2023 / 06,01,5610.9,541.2,673.3
2023 / 07,01,5596.8,552.6,681.5
1990 / 01,02,39.1,,
1990 / 07,01,5203.7,,
1990 / 08,03,5649.6,,
1990 / 08,02,4587.8,,
1990 / 09,01,4387.8,,
1990 / 11,01,3989.6,,
1991 / 06,03,5342.4,,
1991 / 08,03,5210.0,,
1991 / 09,02,4194.3,,
1992 / 02,01,3845.7,,
1992 / 06,03,6538.5,,
1992 / 11,03,4830.8,,
1992 / 12,03,5656.5,,
1993 / 05,01,5722.0,,4.1
1993 / 08,01,4858.1,,
1993 / 12,03,4944.7,869.9,358.0
1994 / 05,03,6366.9,822.0,382.3
1994 / 06,03,6577.5,832.4,399.9
1994 / 07,02,4689.1,555.6,320.5
1995 / 01,02,3954.4,556.8,301.4
1995 / 03,03,5142.0,786.7,369.0
1995 / 08,02,4483.9,532.8,313.2
1995 / 08,01,5398.7,538.8,347.5
1995 / 12,02,3573.7,674.0,357.1
1996 / 03,01,4645.2,753.4,444.8
1996 / 11,02,3924.2,684.4,337.3
1996 / 12,01,5032.1,800.1,390.9
1997 / 01,02,3663.0,692.5,387.7
1997 / 02,03,3955.4,797.8,407.6
1997 / 07,01,5733.3,,481.4
1997 / 07,02,4606.7,,437.2
1997 / 11,03,5072.5,,479.8
1997 / 12,01,5240.7,,426.6
1998 / 03,02,3878.2,,386.5
1998 / 10,02,4564.6,,445.1
1999 / 02,01,3973.6,6.8,449.1
1999 / 03,03,5375.0,,531.5
1999 / 04,01,5578.7,27.0,604.8
1999 / 06,01,6207.2,6.1,654.7
2000 / 05,01,6649.0,,644.9
2000 / 08,03,6232.4,,780.6
2000 / 08,02,4921.1,,564.4
2000 / 11,02,4151.3,,508.2
2001 / 02,01,4071.7,,497.6
2002 / 05,03,7421.1,,797.9
2002 / 06,03,6708.5,,785.5
2002 / 07,03,7260.3,,
2002 / 11,02,6027.8,,
2002 / 12,02,5051.7,,
2003 / 01,02,4452.1,,
2003 / 05,03,8500.5,,
2003 / 06,02,6358.9,,
2003 / 10,03,7344.8,,
2003 / 12,01,6446.8,,
2004 / 02,01,4878.0,,
2004 / 03,03,6626.9,,
2004 / 06,03,8454.3,1292.7,718.3
2004 / 07,01,6870.8,978.5,637.0
2004 / 09,03,6881.9,1309.9,680.3
2005 / 02,03,4618.0,1155.6,536.1
2005 / 11,02,4922.6,894.1,451.5
2005 / 12,03,6131.7,1559.3,666.5
2006 / 07,01,6739.6,877.1,645.9
2006 / 10,02,4799.0,875.8,464.5
2006 / 11,02,4775.1,983.8,476.3
2007 / 05,01,7025.3,897.8,621.6
2007 / 06,03,7052.4,1280.5,783.7
2007 / 06,02,5188.4,886.7,552.6
2007 / 09,01,5434.3,802.1,538.1
2007 / 09,02,4488.2,754.5,431.2
2007 / 10,02,4771.6,845.4,457.2
2007 / 12,01,5831.5,978.3,532.8
2008 / 02,02,3403.4,702.5,434.1
2008 / 03,01,5082.6,811.5,575.6
2008 / 08,02,4354.3,704.9,432.0
2009 / 02,02,3187.1,569.9,355.0
2009 / 06,03,6811.8,1028.6,614.1
2009 / 06,02,5088.5,735.6,478.9
2009 / 07,02,4833.5,663.2,499.1
2009 / 10,02,4427.3,686.0,460.2
2009 / 12,02,4149.3,849.0,510.5
2009 / 12,01,5176.4,881.6,597.7
2010 / 01,03,4974.9,960.5,664.8
2010 / 06,03,6971.1,938.6,681.0
2010 / 11,03,6316.5,874.9,538.1
2010 / 12,03,4242.0,917.5,523.5
2011 / 02,02,3732.9,633.8,437.4
2011 / 06,03,6736.9,929.5,684.8
2011 / 10,03,5775.4,872.1,543.9
2012 / 02,02,3254.1,506.3,382.2
2012 / 07,02,4359.4,535.0,459.0
2012 / 08,03,5788.8,823.6,622.8
2012 / 10,03,5577.8,754.5,524.2
2013 / 02,01,3918.2,586.1,433.6
2013 / 03,02,3761.4,564.9,392.6
2013 / 08,01,5411.0,632.1,568.1
2013 / 10,02,4319.4,578.5,436.6
2013 / 11,03,5809.1,789.3,586.3
2014 / 01,02,3570.0,632.9,514.2
2014 / 02,01,3546.2,501.4,465.3
2014 / 07,02,4750.2,607.4,537.1
2014 / 10,01,5139.6,647.4,564.3
2014 / 11,02,4082.3,545.0,381.0
2015 / 06,03,6520.0,861.6,675.7
2015 / 08,02,4121.4,532.9,466.5
2015 / 10,03,5594.3,808.9,623.2
2016 / 02,02,3347.4,605.9,484.9
2016 / 03,01,4839.8,619.8,625.1
2016 / 07,03,5820.8,769.6,755.0
2016 / 08,01,5453.8,618.4,681.2
2016 / 10,01,4942.4,616.5,629.6
2017 / 06,02,4950.4,610.1,609.9
2017 / 08,02,4493.7,562.5,550.8
2017 / 09,01,4990.6,602.2,635.1
2018 / 01,02,3753.9,573.5,515.7
2018 / 02,02,3316.4,498.6,436.6
2018 / 06,01,5587.2,689.4,721.8
2018 / 08,03,6116.1,796.1,758.1
2018 / 08,02,4603.7,570.0,537.2
2018 / 09,02,4226.3,547.1,514.4
2019 / 02,02,3259.7,468.6,427.9
2019 / 04,02,4391.5,543.1,534.9
2019 / 10,01,4772.6,552.8,628.5
2020 / 06,01,6633.5,709.1,1124.1
2020 / 08,01,6392.4,595.3,908.6
2021 / 01,01,5112.4,689.8,747.6
2021 / 02,03,4382.1,618.5,592.7
2021 / 07,01,6396.8,685.6,814.2
2021 / 09,01,6344.5,639.6,772.6
2021 / 10,02,4848.5,466.4,493.0
2021 / 12,01,5504.0,753.6,782.6
2022 / 01,02,3519.6,500.9,491.5
2022 / 06,01,6195.8,591.7,810.5
2022 / 07,02,4276.0,457.8,520.6
2022 / 08,02,4368.0,453.0,518.0
2022 / 12,03,5469.4,904.6,717.2
2023 / 11,03,5382.7,651.6,610.1
2023 / 09,01,5247.5,542.0,617.6
2023 / 10,02,4344.9,451.7,458.9
2023 / 10,01,5519.3,533.7,602.1
2023 / 11,02,4100.5,462.7,465.4
2023 / 08,01,5675.2,542.2,655.0
2023 / 11,01,5154.3,519.2,594.7
2023 / 12,01,4986.8,672.8,627.2
2023 / 10,03,5617.9,623.4,575.8
2023 / 09,03,5559.1,667.4,627.2
2023 / 12,03,5360.2,886.1,665.3
2024 / 01,01,5003.1,593.3,644.9
2023 / 12,02,3926.4,585.9,479.9
2024 / 01,03,5229.6,701.8,647.3
2024 / 01,02,3899.9,523.4,495.9
2024 / 02,02,3424.2,429.3,407.6
2024 / 02,01,4365.6,472.1,525.7
2024 / 04,02,4278.8,464.1,472.0
2024 / 03,02,3805.9,462.9,430.2
2024 / 04,03,5654.7,612.1,615.8
2024 / 02,03,4470.6,574.7,528.1
2024 / 03,01,4873.2,522.9,560.8
2024 / 05,02,4843.5,505.0,559.3
2024 / 03,03,5065.2,611.9,568.8
2024 / 04,01,5493.0,520.2,626.7
2024 / 06,02,4431.5,463.0,505.4
2024 / 05,01,6048.9,555.4,702.5
2024 / 05,03,6554.7,732.6,758.1
2024 / 09,01,1279.5,102.6,144.4
2024 / 08,03,5703.8,615.5,646.2
2024 / 09,02,1000.6,97.0,111.5
2024 / 07,02,4668.8,492.1,516.0
2024 / 08,02,4367.8,435.0,485.4
2024 / 06,01,5495.8,510.9,658.6
2024 / 06,03,5840.5,650.9,662.0
2024 / 07,03,6194.6,702.0,655.1
2024 / 07,01,5930.3,566.3,684.6
2024 / 09,03,1326.3,128.2,150.7
2024 / 08,01,5671.0,505.1,654.6
